id;En;Es;De
;;;
Play_;Play;Jugar;
Options_;Options;Opciones;
Extras_;Read me;Read me;
Exit_;Exit;Salir;
Continue_;Continue;Continuar;
Night_;Night;Noche;
New_game;New Game;Nueva Partida;
Custom_night;Custom Night;Noche Personalizada;
Back_;Back;Atrás;
Ready_;Ready;Listo;
;;;
;;;
Options;;;
;;;
Mouse_title;Mouse Options;Opciones de Ratón;
Mouse_type;Mouse Type: ;Tipo de puntero:;
Mouse_hl_on;Highlight in cams;Resaltar en cámaras;
Mouse_hl_off;Don’t highlight in cams;No resaltar en cámaras;
Mouse_opacity;Mouse Opacity;Opacidad del Ratón;
Too_little_op;(full opacity while in menu);(Opacidad completa en el menú);
Sound_title;Sound Options;Opciones de Sonido;
Sound_master;Master;Maestro;
Sound_sfx;SFX;Efectos de sonido;
Sound_music;Music;Música;
UI_title;UI Options;Opciones de IU;
UI_energy_con;Energy consumption;Consumo de Energía;
UI_energy_cust;Customize energy UI;Customizar IU de Energía;
UI_flashlight_con;Flashlight Battery;Batería de Linterna;
UI_flashlight_cust;Customize flashlight UI;Customizar IU de Linterna;
UI_fade_on;Fade out when not used;Desvanecer al no usar;
UI_fade_off;Don’t fade out;No desvanecer al no usar;
UI_fade_time;Fade time: ;Tiempo:;
UI_fade_speed;Fade speed: ;Velocidad:;
Language_title;Language;Lenguaje;Sprache
Audio_En;Audio: English;Audio: Inglés;
Audio_Es;Audio: Spanish;Audio: Español;
Language;English;Español;Deutsch
Misc_title;Misc;Varios;
Brightness;Brightness;Brillo;
Switch_doors_on;Switch doors when facing back;Cambiar puertas al mirar detrás;
Switch_doors_off;Don’t switch doors when facing back;No cambiar puertas al mirar detrás;
Auto_cam_lights_on;Automatically block cam lights;Bloquear las luces de las cámaras;
Auto_cam_lights_off;Don’t automatically block cam lights;No bloquear las luces de las cámaras;
Flick_down_cams_on;Flick mouse down for cams;Deslizar hacia abajo para cámaras;
Flick_down_cams_off;Don’t flick mouse down for cams;No deslizar hacia abajo para cámaras;
Text_speed;Text speed;Velocidad texto;
When_dead_night;When dead repeat night;Al morir repetir noche;
When_dead_shift;When dead repeat shift;Al morir repetir jornada;
When_dead_menu;When dead go to menu;Al morir ir al menú;
When_win_shift;When win go to next shift;Al ganar ir al siguiente día;
When_win_menu;When win go to menu;Al ganar ir al menú;
save;Save;Guardar;
save_and_exit;Save and exit;Guardar y salir;
exit;Exit;Salir;
reset;Reset;Restaurar;
reset_to_default;Reset to default;Por defecto;
screen;Screen;Pantalla;
brightpanel;Adjust the brightness;Ajusta el brillo;
nosee;you should not see this;;
barelysee;you should barely see this;;
yessee;you should see this;;
;;;
;;;
Advices;;;
;;;
Adv_g_01;If you use to much energy at once, you will break the power!;Si usas mucha energía a la vez, saltará la luz!;
Adv_g_02;Always keep some spare battery in your flashlight... Otherwise, you might get lost in the dark;Mantén siempre algo de batería extra. Podrías perderte en la oscuridad;
Adv_g_03;Turn off the AC for some spare energy. You wont last long though, so use it wisely;Apaga la ventilación para tener algo de energía extra. Aunque no durarás mucho, así que úsalo sabiamente;
Adv_g_04;The light in the security room is really loud... And annoying;Las luz de la sala de seguridad son muy ruidosas... Y molestas;
Adv_g_05;Remember to stay hydrated!;Recuerda mantenerte hidratado!;
Adv_g_06;Squeaky toys are really useful, but they can make the others move faster;Los juguetes chillones son muy útiles, pero pueden hacer que los otros se muevan más rápido;
Adv_b_01;Bonnie will always come by the left, but you already knew that, don’t you?;Bonnie siempre viene por la izquierda, pero eso ya lo sabías, verdad?;
Adv_b_02;I heard bonnie is very patient... One time he spent an hour in front of a door waiting for it to open;Hay rumores de que Bonnie es muy paciente... Una vez se quedó una hora entera delante de una puerta esperando a que se abra;
Adv_b_03;If you flash bonnie, he will stay still. Maybe he thinks you are taking him a picture?;Si iluminas a bonnie, se quedará quieto. ¿Igual piensa que le estás haciendo una foto?;
Adv_c_01;Chica will always come by the right, but you already knew that, don`t you?;Chica siempre viene por la derecha, pero eso ya lo sabías, verdad?;
Adv_c_02;Chica likes to wander around without a clear destination. I wonder if she even has one...;A Chica le gusta deambular sin un destino concreto. Me pregunto siquiera si tiene alguno...;
Adv_c_03;If you tun off the lights, there is a slight chance that she wont bother you;Si apagas las luces, hay una pequeña posibilidad de que no te moleste.;
Adv_c_04;Chica wont go back to the stage area when you close the door. Why would she? She seems happy in the warehouse;Chica no volverá a la zona del escenario cuando cierres la puerta. ¿Por qué lo haría? Parece feliz en el almacén.;
Adv_fr_01;Freddy does not like being watched on the cams. Specially within light;A Freddy no le gusta que le miren a través de las cámaras las cámaras. Especialmente cuando hay luz.;
Adv_fr_02;Freddy is much noisier than the others. If you stay quiet, you could hear the footsteps;Freddy es mucho más ruidoso que los demás. Si te quedas en silencio, podrás oír los pasos.;
Adv_fr_03;Freddy can, and will, come both ways, but wont enter the office unless you are not watching;Freddy puede venir y vendrá por ambos lados, pero no entrará en la oficina a menos que no estés mirando.;
Adv_fx_01;Foxy cant go through doors, so he will use the duct system to travel through the place;Foxy no puede atravesar las puertas, así que utilizará el sistema de conductos para desplazarse por el lugar.;
Adv_fx_02;Foxy wont enter any duct with the heater on. It is a shame electricity is so expensive these days;Foxy no entrará en ningún conducto con el heater encendido. Es una pena que la electricidad sea tan cara hoy en día.;
Adv_fx_03;If you catch foxy in a duct with the heater, he will run to the nearest exit. With a good timing, you can make him go anywhere you want!;Si expulsas a Foxy de un conducto con el heater, saldrá por la salida más cercana. ¡Con buena sincronización, puedes hacer que vaya a donde quieras!;
Adv_fx_04;Foxy can enter the office through the doors, but he will rather enter by the ducts;Foxy puede entrar en la oficina por las puertas, pero prefiere hacerlo por los conductos.;
Adv_fx_05;If you see foxy, flash him with the flashlight for a bit to make him leave, although he wont exit the duct. That’s the heater’s job!;Si ves a Foxy, alúmbrale con la linterna un rato para que se vaya, aunque no saldrá del conducto. ¡De eso se encarga el heater!;
;;;
;;;
Minigame_blackbars;;;
;;;
bartxt_enter;GO TO THE OFFICE;;
bartxt_exit;EXIT THE BUILDING;;
bartxt_compu;GO TO THE COMPUTER;;
bartxt_exe;GO TO HELL IDK;;
;;;
;;;
Minigame intro;;;
;;;
Night1;Monday;Lunes;
Night2;Tuesday;Martes;
Night3;Wednesday;Miércoles;
Night4;Thursday;Jueves;
Night5;Friday;Viernes;
Night6;Saturday;Sábado;
Night0;This is a bug.;Esto es un bug.;
;;;
;;;
Text_Minigame;;;
;;;
;;;
Rand_obj_01;This is a completely random message;Esto es un mensaje completamente aleatorio;
Rand_obj_02;For some reason, it fills you with [color=yellow]determination ;Por algún motivo, te llena de [color=yellow]determinación;
;;;
Chair_01;No need to sit down;;
;;;
Exit_m_01;You really need that paycheck;Realmente necesitas el dinero.;
Exit_m6_01;You have come so far. Why throw it all away?;Has llegado tan lejos. ¿Por que lo tirarías todo por la borda?;
Exit_m6_02;[color=red]It’s not like [abs_shake]YOU[/abs_shake] care at all...;[color=red]No es como que a [abs_shake]TÍ[/abs_shake] te...;
Exit_true_party_n6_01;[color=red][abs_shake]What the fuck do you think you are doing right now?[unskipable];[color=red][abs_shake]Que cojones te crees que estás haciendo?[unskipable];
;;;
Magic_chair_01;This is the [abs_rainbow]MAGIC TEXT CHAIR [/abs_rainbow]of [abs_shake][color=red]eternal doom [/color][/abs_shake]and [abs_wave]absolute boredom [/abs_wave]forever;;
Magic_chair_02;Prepare to [abs_tornado]SUFFER THE CONSEQUENCES [/abs_tornado]of your [abs_fade]puny little life [/abs_fade]of yours;;
Magic_chair_03;I am [abs_rainbow]so excited [/abs_rainbow]to meet your [abs_rainbow]MOTHER [/abs_rainbow]in law;;
Magic_chair_04;You know what?[slow][unskipable];;
Magic_chair_05;[color=red][abs_shake]Fuck you[unskipable][skip];;
Magic_chair_06;I mean, [abs_tornado][abs_rainbow]BLESS YOU<3;;
;;;
Round_table_01;This is a round table;Es una mesa redonda;
;;;
Hex_table_01;This is a hexadecagonal table;Es una mesa hexadecagonal;
;;;
Best_table_01;This is definitely the best table in the whole place;Es definitivamente la mejor mesa en todo el establecimiento;
Best_table_02;It has a perfect geometry an positioning to see the show the way the artist intended. No other seat can even compare to its glory;Tiene una geometría y posicionamiento perfectos para ver el espectáculo tal cual la visión del artista. Ningun otro sitio se puede comparar a su gloria.;
Best_table_03;Sadly, it looks taken;Desafortunadamente, parece que está ocupada;
Best_table_04;Taken;Ocupada;
Best_table_05;Oh wait, now it is still taken!;Oh espera, ahora está todavía ocupada!;
Best_table_06;Taken;Ocupada;
;;;
Long_table_01;This is a long table;Es una mesa larga;
;;;
Short_table_01;This is actually a short table;De hecho, esto es una mesa corta.;
Short_table_02;No is not. Is a long table;No lo es. Es una mesa larga;
Short_table_03;It is a ever so slightly shorter table;Es una mesa muy ligeramente más corta;
;;;
Scenario_01;By looking at this, memories start flowing back at you;;
Scenario_02;Not happy ones, not sad ones. Just memories...;;
Scenario_03;Memories that you might wanted to leave behind, but somehow;;
Scenario_04;[abs_shake]they always come back back[silent][slow][unskipable];;
Scenario_05;[color=red]What are you trying to prove here?;;
;;;
Pick_key_01;You picked up the key;Recoges la llave;
Pick_key_02;Good thing you deactivated the cameras first... ;Menos mal que antes has desactivado las cámaras...;
Pick_key_03;[color=yellow]Key[/color] was added to your [color=yellow]Key Items;[color=yellow]Llave[/color] se ha añadido a tus [color=yellow]Ítems Clave;
;;;
Nothing_01;What are you looking for?;Qué estás buscando?;
;;;
No_key_01;There is nothing here;Aquí no hay nada;
;;;
Safe_too_soon_01;It doesn’t seem you know what you are doing;Parece que no sabes lo que haces;
;;;
Safe_not_know_01;Looks like you don’t know the safe code. What a shame;Parece que no te sabes el código. Qué pena;
Safe_not_know_02;Wrong;Mal;
;;;
Safe_know_01;You unlock the safe;Desbloqueas la caja fuerte;
;;;
Safe_give_up_01;Given the sheer number of possible combinations, you decided to give up;Ante la magnitud de posibles combinaciones, decides tirar la toalla;
Safe_give_up_02;[abs_tornado] Keep gambling;[abs_tornado] No dejes de apostar;
;;;
Loot_safe_01;You begin register the safe;Empiezas a registrar la caja fuerte;
Loot_safe_02;[color=red]This is why we came here, don’t you think?;[color=red]Es por esto por lo que estamos aquí, no te parece?;
Loot_safe_03;You found some money, an unloaded gun, some ungunned ammo... ;Encuentras un poco de dinero, un arma descargada, munición desarmada...;
Loot_safe_04;You also found some classified document in a file;También encuentras documentos clasificados en un archivador;
Loot_safe_05;You start reading from the start: “Today’s date is eleven of Novem[skip][unskipable];Empiezas a leer desde el principio: “Hoy es once de Noviem[skip][unskipable];
Loot_safe_06;[color=yellow]Classified document[/color] was added to your [color=yellow]Key Items[unskipable];[color=yellow]Documentos clasificados[/color] se han añadido a tus [color=yellow]Ítems Clave[unskipable];
;;;
Keep_looting_01;Are you looking for something else?;¿Estas buscando algo más?;
Keep_looting_02;You find something else. It is a USB with a note that reads “office PC”;Encuentras algo más. Es un USB con una nota: “PC de la oficina”;
Keep_looting_03;You decide to take it as well;Decides llevártelo también;
Keep_looting_04;[color=yellow]USB-key A[/color] was added to your [color=yellow]Key Items;[color=yellow]USB-key A[/color] se ha añadido a tus [color=yellow]Ítems Clave;
;;;
Empty_safe_01;There is nothing more of use in here;No hay nada más de utilidad;
;;;
Chickend_safe_01;It looks vandalized. Nothing has survived;Está todo vandalizado. No ha sobrevivido nada.;
;;;
Check_computer_01;It looks like some sort of computer-like shaped object;Parece una clase de objeto con forma de ordenador;
Check_computer_02;You tried to start it, but it doesn’t ask you for a password. It demands two “UBS authentication keys”;Intentas encenderlo, pero no te pide una contraseña. Demanda dos “USB key de autentificación”;
Check_computer_03;You don’t have any “key”;No tienes ningun “key”;
;;;
Check_computer_dm_01;You insert the “UBS authentication key” you found on that weird machine;Introduces el “USB key de autentificación” que encontraste en esa maquina extraña;
Check_computer_dm_02;It is still not enough, because you need two;No es suficiente, porque necesitas dos;
Check_computer_dm_03;[color=red]One remaining;[color=red]Uno restante;
;;;
Check_computer_sf_01;You insert the “UBS authentication key” you found on the safe;Introduces el “USB key de autentificación” que encontraste en la caja fuerte;
Check_computer_sf_02;It is still not enough, because you need two;No es suficiente, porque necesitas dos;
Check_computer_sf_03;[color=red]One remaining;[color=red]Uno restante;
;;;
Start_computer_01;You insert both “keys”. Its super effective;Introduces ambas llaves;
Start_computer_02;There is only one program, but you aren’t able to execute it;Solamente hay un programa, pero no lo puedes ejecutar;
;;;
Start_download_01;You decide to compile the program;Decides compilar el programa;
Start_download_02;It looks like it may take a few hours, as well as some energy;Parece que tardará unas pocas horas, además de algo de energía;
Start_download_03;You resume the compilation;Reanudas la compilación;
;;;
Start_download_late_01;The compilation of the program would take a couple of hours;La compilación del programa tardaría unas cuantas horas;
Start_download_late_02;But it’s too late for that;Pero ya es muy tarde para eso;
Start_download_late_03;It’s too late for that;Es muy tarde para eso;
;;;
Stop_download_01;You decide to stop the compilation;Decides parar la compilación;
Stop_download_02;It’s not worth the hassle;No merece la pena;
Stop_download_03;You stop the compilation;Paras la compilación;
;;;
Corrupted_computer_01;“The compilation has been abruptly stopped. Please click here to continue”;“La compilación se ha detenido abruptamente. Haz click para continuar”;
Corrupted_computer_02;You decide not to click, it is too late for that;Decides no hacerlo, ya es muy tarde;
Corrupted_computer_03;You think to yourself that you ought to be more careful with this kind of stuff;Piensas que deberías de tener más cuidado con estas cosas;
;;;
Get_program_01;“The compilation is completed. Click here to review the compiler out of five stars!”;“La compilación ha terminado. Haz click aquí para dejar una reseña de cinco estrellas!”;
Get_program_02;You got the USB;Consigues el USB;
;;;
Done_computer_01;There is nothing more on this computer;No queda nada más en este ordenador;
;;;
corkboard_day1_01;There is a long paper with some behavior rules written on it;Hay un papel largo en el que están escritas algunas normas de comportamiento:;
corkboard_day1_02;“Please do not eat a child’s pizza in front of him”;«Por favor, no te comas la pizza de los niños, especialmente delante de ellos».;
corkboard_day1_03;To its left, the recipe for a basic pepperoni pizza;A su izquierda, la receta de una básica pizza de pepperoni.;
corkboard_day1_04;It looks like you are up to date;;
;;;
corkboard_day2_01;The rules paper looks vandalized It was never written in the rules not to destroy the rules.;El documento de las normas parece haber sido vandalizado. En las normas nunca se dijo que no se pudieran destruir las normas.;
corkboard_day2_02;With the new anarchy established, people are now free to eat every child’s pizza;Ahora que se ha establecido una nueva anarquía, la gente es libre de comerse la pizza de cualquier niño.;
corkboard_day2_03;Somebody stuck a sticker in front of the pepperoni pizza recipe;Alguien ha pegado una pegatina delante de la receta de la pizza de pepperoni.;
corkboard_day2_04;Now you may never know how it ends;Ahora quizá nunca llegues a saber cómo acaba.;
corkboard_day2_05;It looks like you are up to date;Parece que estás al día.;
;;;
corkboard_day3_01;There is a pepperoni gruesomely impaled into the wall;Hay un pepperoni espantosamente empalado en la pared.;
corkboard_day3_02;The sticker is no longer holding any secrets;La pegatina ya no esconde ningún secreto.;
corkboard_day3_03;The ending to the recipe, however, disappoints you;El final de la receta, sin embargo, te decepciona.;
corkboard_day3_04;You feel like the author lost the plot when he started implementing time travel;Te da la sensación de que el autor perdió el hilo cuando empezó a introducir los viajes en el tiempo.;
corkboard_day3_05;Don’t you get tired of reading this?;¿No te cansas de leer esto?;
corkboard_day3_06;It looks like you are up to date;Parece que estás al día.;
;;;
corkboard_day4_01;There is an announcement from the owner.;Hay un anuncio del propietario.;
corkboard_day4_02;“Though the commotion of today, I’ve lost an important key.;“Con el alboroto de hoy, he perdido una llave importante.;
corkboard_day4_03;Please return it to me in case you find it”;Por favor, de encontrarla, devolvédmela”;
corkboard_day4_04;There is another new piece of paper with big mad words written on it;Hay otro papel nuevo con unas palabras grandes y furiosas escritas en él.;
corkboard_day4_05;“Do NOT smoke weed inside the kitchen”;“NO fumes hierba dentro de la cocina”;
corkboard_day4_06;You sigh in relief, as you long left the weed for something much worse;Suspiras aliviado, ya que hace tiempo que dejaste la hierba por algo mucho peor.;
corkboard_day4_07;It looks like you are up to date;Parece que estás al día.;
;;;
not_sign_in_01;“If you want to work extra hours tomorrow Saturday, please sign in”;Si quieres hacer horas extras mañana sábado, por favor, apúntate;
not_sign_in_02;There is a list with 4 names on in, with 16 empty cells;Hay una lista con cuatro nombres y dieciséis casillas vacías.;
not_sign_in_03;You decide not to sign in;Decides no apuntarte.;
not_sign_in_04;[color=red]You [abs_shake]coward[/abs_shake];[color=red][abs_shake]Cobarde[/abs_shake];
;;;
sign_in_no_pen_01;You decided to sign in, but you don’t have a [color=yellow]Pen;Has decidido apuntarte, pero no tienes ningun [color=yellow]bolígrafo;
;;;
sign_in_01;You decide to sign in;Decides apuntarte;
;;;
signed_in_01;You don’t have a rubber;No tienes goma de borrar;
;;;
corkboard_day6_01;You went to sign in, but it looks like somebody else already took your place;Has ido a apuntarte, pero parece que alguien ya te ha quitado el sitio;
corkboard_day6_02;Oh wait, it was you!;¡Oh, espera, eras tú!;
corkboard_day6_03;you...;tú...;
corkboard_day6_04;...;...;
;;;
Office_door_locked_01;It’s a locked door;Es una puerta cerrada;
Office_door_locked_02;You don’t seem to have the key nor the strength to break in;No tienes ni la llave ni la fuerza necesaria para romperla;
Office_door_locked_03;[color=red]But you have the urge to do so;[color=red]Pero ganas no te faltan;
Office_door_locked_04;Still locked;Sigue cerrada;
;;;
Office_door_unlocked_01;It is an open door;Es una puerta abierta;
;;;
Office_door_unlocking_01;You use the key;Usas la llave;
;;;
;;;
out_of_order_dm_01;(Dev here! This is not finished. Plz don’t touch, WILL break things...);(Dev! Esto no está terminado. Porfa no toques nada. Romperá cosas...);
out_of_order_dm_02;(You already have the item granted for completing this quest, so SCRAM!);(Ya tienes el item que te dan por completar esta mision. LARGO!);
out_of_order_dm_03;Out of order;Fuera de servicio;
;;;
screen_noise_dm_01;It looks like an old arcade machine;Parece una arcade vieja;
screen_noise_dm_02;It doesn’t seem to work;Parece que no funciona;
screen_noise_dm_03;BzZzzZzZZzZzzZzZZzZZzzzZzzZzZZzZz;BzZzzZzZZzZzzZzZZzZZzzzZzzZzZZzZz;
;;;
screen_off_01;There is a strange man spying on us through the screen;Un hombre extraño nos espía a través de la pantalla;
screen_off_02;Hey! It looks like me!;Hey! Se parece a mi!;
;;;
activate_dm_machine_01;It is unplugged;Está desenchufado;
activate_dm_machine_02;At the edge of your peripheral vision, you see a note;Justo en el borde de tu visión periférica, logras deslumbrar una nota;
activate_dm_machine_03;“Warning! If you plug this machine, you may get really boring really lore-filled side quests.;“Advertencia! Si enchufas esta máquina, puede que te encuentres con misiones secundarias muy aburridas y llenas de lore;
activate_dm_machine_04;Are you sure about what you are doing?”;¿Estás seguro de lo que estás haciendo?”;
activate_dm_machine_05;You plugged in the machine;Enchufas la máquina;
;;;
claim_dm_usb_01;You reach into your pocket;;
claim_dm_usb_02;[color=yellow]USB-key B[/color] was found in your [color=yellow]Key Items;;
claim_dm_usb_03;[color=red]I hope you are happy;[color=red]Espero que estés contento;
;;;
;;;
b_normal_01;It’s bonnie;Es bonnie;
b_just_kill_01;...;...;
b_kill_01;It’s him;Es él;
b_saved_01;It’s just the bonnie suit;Solamente es el traje de bonnie;
;;;
c_normal_01;It’s chica;Es chica;
c_just_kill_01;Are you proud?;¿Estás orgulloso?;
c_kill_01;It’s her;Es ella;
c_saved_01;It’s just the chica suit;Solamente es el traje de chica;
;;;
f_normal_01;It’s freddy;Es freddy;
f_just_kill_01;Is this fun?;¿Te parece divertido?;
f_kill_01;It’s her;;
f_saved_01;It’s the freddy suit;;
;;;
x_normal_01;It’s foxy;Es foxy;
x_just_kill_01;It is done.;Lo hecho, hecho está;
x_kill_01;[color=red]It’s him;[color=red]Es él;
x_saved_01;It’s our favorite suit;Es nuestro traje favorito;
;;;
screwdriver_01;You found a screwdriver;Has encontrado un destornillador;
screwdriver_02;[color=yellow]Screwdriver[/color] was added to your [color=yellow]Key Items;[color=yellow]Destornillador[/color] se ha añadido a tus [color=yellow]Ítems Clave;
;;;
batteries_01;You found some AA batteries lying around;Has encontrado unas baterías AA tiradas por ahí;
batteries_02;[color=yellow]Batteries[/color] was added to your [color=blue]Items;[color=yellow]Baterías[/color] se ha añadido a tus [color=blue]Ítems;
;;;
water_bottle_01;You found a water bottle;Has encontrado una botella de agua;
water_bottle_02;It is good to stay hydrated;Está bien mantenerse hidratado;
water_bottle_03;[color=yellow]Water bottle[/color] was added to your [color=blue]Items;[color=yellow]Botella de agua[/color] se ha añadido a tus [color=blue]Ítems;
;;;
toy_01;You found a squeaky toy;Has encontrado un juguete chillón;
toy_02;It makes a loud noise when pressed;Hace un ruido fuerte cuando se presiona;
toy_03;It might be useful somewhere;Puede que te sea útil en algún lugar;
toy_04;[color=yellow]Squeaky toy[/color] was added to your [color=blue]Items;[color=yellow]Juguete chillón[/color] se ha añadido a tus [color=blue]Ítems;
;;;
put_toy_01;You putted down the toy;Dejas el juguete en el suelo;
;;;
get_pen_01;You found a pen on the table;Has encontrado un bolígrafo en la mesa;
get_pen_02;[color=red][abs_shake]HE[/abs_shake] surely won’t mind;[color=red]Seguro que a [abs_shake]ÉL[/abs_shake] no le importará;
get_pen_03;[color=yellow]Pen[/color] was added to your [color=yellow]Key Items;[color=yellow]Bolígrafo[/color] se ha añadido a tus [color=yellow]Ítems Clave;
;;;
tower_of_boxes_01;It is a tower of 5 boxes;Es una torre de 5 cajas;
;;;
take_box_01;You stole one of the boxes;Decides robar una caja;
take_box_02;[color=yellow]Box[/color] was added to your [color=yellow]Boxes;[color=yellow]Caja[/color] se ha añadido a tus [color=yellow]Cajas;
;;;
dont_take_box_01;You don’t have enough space in your [color=yellow]Boxes[/color] for another [color=yellow]Box;No tienes suficiente espacio en tus [color=yellow]Cajas[/color] para otra [color=yellow]Caja;
dont_take_box_02;Try storing all your boxes elsewhere...;Prueba a guardarlas en algún otro lugar;
;;;
tower_of_less_boxes_01;It is a tower of 4 boxes;Es una torre de 4 cajas;
;;;
;;;
darius_card_present_01;It’s a report from the mechanic;Es un reportaje del mecánico;
darius_card_present_02;It doesn’t seem to be written for you;No parece estar escrito para tí;
;;;
darius_card_1_01;“I got the firmware you asked me to extract from them. I left it where you told me to, however;;
darius_card_1_02;I’ve noticed that the compiled code is exactly the same for all of them, but they don’t act the same offstage.;;
darius_card_1_03;For example, the [uniform]end03bn.10.21[/uniform], the one inside the bonnie suit, tends to roam the arcade;;
darius_card_1_04;while the [uniform]end02ch.10.21[/uniform], the one in chica, really seems to really like the kitchen.;;
darius_card_1_05;When I was in the afternoon shift, last week, it was imposible to send her back to the stage.;;
darius_card_1_06;Looking at the promotional posters, I guess this behavior is intended, but I couldn’t tell without the source code.;;
darius_card_1_07;I saw more electronics in the suits themselves, except for the new freddy suit, so there should be further firmware in there.;;
darius_card_1_08;[uniform]Do you want me to extract it too?”;;
darius_card_1_09;[uniform]Darius J. R.;;
;;;
darius_card_2_01;“I know you told me not to, but I checked the electronics in the suits.;;
darius_card_2_02;They just control things like the ears, the eyes, the tail... Things a regular human would not have spare arms for.;;
darius_card_2_03;However, the freddy suit does not have this technology. It seems... different.;;
darius_card_2_04;Not to mention it’s weight. Combined with the [uniform]endtest.7.13.c[/uniform], it is really hard to move around.;;
darius_card_2_05;I tried turning it on, and it works fine. But when I activated the offstage mode, and it started walking;;
darius_card_2_06;it made a really loud noise with every step. I also got some interference on my walkie-talkie.;;
darius_card_2_07;What I’m getting at is that, if you are trying to recreate one of the finished versions;;
darius_card_2_08;you can count with me, but I would need deeper understanding of the whole project.”;;
darius_card_2_09;[uniform]Darius J. R.;;
;;;
darius_card_3_01;“As you told me, I tried running some tests on the [uniform]end01fx.10.21.;;
darius_card_3_02;I cannot tell you for sure what happened to it, but unfortunately, it is really messed up.;;
darius_card_3_03;There are a lot of components broken or straight up missing. ;;
darius_card_3_04;Fortunately, the main processor is intact, as well as all of the electronic connections.;;
darius_card_3_05;So given replacement parts, it could theoretically be fixed.;;
darius_card_3_06;When I turned it on, however, it was a mess. All of the sensors were completely uncalibrated.;;
darius_card_3_07;I could even see the infrared sensor through the foxy suit’s eye, so it is just a red sensor.;;
darius_card_3_08;I tried flashing the sensor of the [uniform]end01fx.10.21[/uniform], and it backed up. Shortly after, it turned off on its own.;;
darius_card_3_09;It was impossible for me to turn it back on, so this is as much of a report you are getting.;;
darius_card_3_10;Keep the restricted mode on it, just in case.;;
darius_card_3_11;We don’t want it turning back on and starts wandering around, now do we?”;;
darius_card_3_12;[uniform]Darius J. R.;;
;;;
restricted_mode_tutorial_01;There are some documents, with a posit attached.;;
restricted_mode_tutorial_02;“16-0 guy, do not remove this. 0-6 guy might need this.;;
restricted_mode_tutorial_03;6-16 guy”;;
restricted_mode_tutorial_04;You open the documents and start reading.;;
restricted_mode_tutorial_05;“Restriction modes on [uniform]end.10.21[/uniform] units;;
restricted_mode_tutorial_06;There are path restrictions in each door on the local.;;
restricted_mode_tutorial_07;For technical reasons, the backstage door, entrance-main door, and security room are exceptions.;;
restricted_mode_tutorial_08;The former were too wide, while the latter had the security doors instead.;;
restricted_mode_tutorial_09;Each [uniform]end.10.21[/uniform] unit have two different modes: restricted and unrestricted.;;
restricted_mode_tutorial_10;Restricted mode inhibits [uniform]end.10.21[/uniform] units from crossing any path restrictions.;;
restricted_mode_tutorial_11;Unrestricted mode just prohibits exiting the local[uniform].”;;
;;;
;;;
reading_corner_table_01;It’s a table with books and the daily newspaper;;
;;;
newspaper_day1_01;“Yesterday, the disappearance of Jane Fitzgerald, a 21 year old girl, was reported to the local police.;;
newspaper_day1_02;Her mother said that she saw her last Thursday, and two days later, when he came back to Jane’s house, she was missing.;;
newspaper_day1_03;With this one, 3 people have now dissapeared in the last two weeks.;;
newspaper_day1_04;People are worried that they are related, and further people will go missing as well.;;
newspaper_day1_05;The police department has stated that, with their best detective currently on a field mission,;;
newspaper_day1_06;there is not enough personal, but that they are trying their best to find them[uniform].”;;
;;;
newspaper_day2_01;“The police department have found a new lead on the 3 people currently dissapeared.;;
newspaper_day2_02;They found that all of them worked at the recently reopened Freddy’s pizza palace on the night shift.;;
newspaper_day2_03;There has not been any statement from the new owner of the location, however;;
newspaper_day2_04;people remember the the 4 missing children from last year, and they speculate that both cases are related.;;
newspaper_day2_05;The more speculative even believe the pizzeria is haunted.;;
newspaper_day2_06;Police recommend general precaution at night[uniform].”;;
;;;
newspaper_day3_01;“Today, a 47 year old man, named Jose Fernandez, has been arrested for the alleged murder of the 3 people missing.;;
newspaper_day3_02;The owner of Freddy’s pizza palace contacted the police with video tapes of the security cameras outside the local.;;
newspaper_day3_03;In them, each of the victims can be seen entering the place in their respective footage.;;
newspaper_day3_04;One our later, Fernandez enters the place, and a few moments later, he comes out, carrying the victim.;;
newspaper_day3_05;Then, it looks like he enters again with cleaning products, just to exit again a few ours later.;;
newspaper_day3_06;The owner has stated that he took advantage of the place’s bad reputation to try not to get caught.;;
newspaper_day3_07;He asked the public not to worry, and as an act of good faith, there will be one free slice of pizza tomorrow Wednesday[uniform].”;;
;;;
newspaper_day4_01;“Although some people critiques the free pizza day of Freddy’s pizza palace as insensitive, many others went for their slice.;;
newspaper_day4_02;However, exactly at 7:30, there was an energy breakdown, and people entered in panic.;;
newspaper_day4_03;The energy system was able to be restored just minutes later, and the day continued as usual.;;
newspaper_day4_04;The owner has stated that it was just a prankster, trying to cause chaos, given the current case,;;
newspaper_day4_05;but since the sabotage was on the outer energy receptor, no cameras were able to catch them.;;
newspaper_day4_06;The general public agrees that they are getting tired of this situation,;;
newspaper_day4_07;but without any other pizzeria in the nearby area, the local towns cannot do much about it[uniform].”;;
;;;
newspaper_day5_01;“The now called pizza killer by the general public has finally confessed. ;;
newspaper_day5_02;He stated that all of the victims were already dead when he entered the location, ;;
newspaper_day5_03;as he was told to get rid of the bodies and any other evidence.;;
newspaper_day5_04;He also revealed the instructions told him to dump the bodies on the nearby lake.;;
newspaper_day5_05;Police are currently trying to retrieve the bodies, as the autopsy could be decisive on the trial tomorrow[uniform].”;;
;;;
newspaper_day6_01;“The autopsy on Jane’s body was able to be performed on time for the trial.;;
newspaper_day6_02;Experts confirmed Jane was indeed murdered, although the body is too damaged to know how.;;
newspaper_day6_03;The accuser argued that, since there was no evidence of anybody breaking in, Jane was alone until Jose arrived;;
newspaper_day6_04;Since suicide was completely discarded, it must have been Jose the one who killed Jane.;;
newspaper_day6_05;The jury found Jose Fernandez guilty on one charge of first degree murder, and two charges of manslaughter.;;
newspaper_day6_06;The sentence was ruled as life in prison without the possibility of parole[uniform].”;;
;;;
;;;
temporal_intro_phonecall_01;You are getting a phone call;;
temporal_intro_phonecall_02;It looks like it is supposed to be the intro for the game, but the dev still didn’t add that yet...;;
temporal_intro_phonecall_03;“Hey...  Remember this weekend is the festival, do not let me down like last year.;;
temporal_intro_phonecall_04;uh... Do you remember that job you were telling me all the time you could sleep through without anybody noticing?;;
temporal_intro_phonecall_05;'Well... Don''t get mad at me, you can always back out, but I got you the job.';;
temporal_intro_phonecall_06;You really gotta start paying your bills... If you are lucky, maybe you can get enough to spend on the festival.;;
temporal_intro_phonecall_07;'Anyway, since I know you wouldn''t go to the interview, I said it would be me working, but it should be fine.';;
temporal_intro_phonecall_08;They dont even want any sort of training or any shit like that. You just gotta show up.;;
temporal_intro_phonecall_09;'uh... I left you the keys in the kitchen counter. ''Cause it is the night turn, no one''s gonna be there...';;
temporal_intro_phonecall_10;Well, nobody except you and those freaky-ass suts.;;
temporal_intro_phonecall_11;I still wonder how that place managed to reopend, specially after what happend...;;
temporal_intro_phonecall_12;And the pizza is no good eather. I stopped once for lunch on a road trip, and it tasted like cardboard.;;
temporal_intro_phonecall_13;Anyway, you start monday, wee hours. weekend is yours... uhhh...;;
temporal_intro_phonecall_14;'hey uh.. Look, this is your last chance. I have my own shit to pay, so I can''t be covering your rent.';;
temporal_intro_phonecall_15;'If you don''t wanna do this, fine by me, but this shit ends now.';;
temporal_intro_phonecall_16;Alright?;;
temporal_intro_phonecall_17; Later.;;
